{
    "user_id": 2,
    "embedding": [
        0.011087671853601933,
        -0.04331834614276886,
        -0.018530571833252907,
        -0.01449971366673708,
        -0.03714127838611603,
        -0.02906823717057705,
        -0.008833427913486958,
        0.02357553318142891,
        0.017345422878861427,
        0.03242506831884384,
        0.02688446268439293,
        0.08309818059206009,
        0.019959161058068275,
        0.05400541052222252,
        -0.008532596752047539,
        -0.010649926029145718,
        -0.05852969363331795,
        -0.05496186390519142,
        -0.0880594253540039,
        0.02313334308564663,
        -0.007035461254417896,
        0.008635392412543297,
        0.039253778755664825,
        -0.0766863077878952,
        -0.038907989859580994,
        0.036803580820560455,
        -0.02114925906062126,
        -0.04848986491560936,
        0.0038974122144281864,
        -0.09823286533355713,
        0.0780322328209877,
        0.06678653508424759,
        0.026433531194925308,
        0.05449898913502693,
        -0.05632326006889343,
        -0.03848210349678993,
        -0.03392360359430313,
        -0.05034065619111061,
        -0.06880611181259155,
        0.013200950808823109,
        0.010705324821174145,
        -0.012309573590755463,
        -0.008812708780169487,
        0.04518309235572815,
        0.014017099514603615,
        -0.008319852873682976,
        0.05027799308300018,
        0.03416558355093002,
        -0.07925165444612503,
        -0.06020807474851608,
        -0.025967590510845184,
        -0.026694471016526222,
        0.013377945870161057,
        -0.0671900287270546,
        -0.022305648773908615,
        0.04183783382177353,
        -0.08273400366306305,
        -0.043602168560028076,
        -0.03698829561471939,
        0.022766906768083572,
        -0.05669479817152023,
        0.09212720394134521,
        -0.049609918147325516,
        0.07979491353034973,
        0.019057102501392365,
        0.020339997485280037,
        -0.04327435791492462,
        -0.035956449806690216,
        -0.0049186269752681255,
        -0.06134765222668648,
        0.041834186762571335,
        0.0004773273249156773,
        0.03922722488641739,
        0.07070967555046082,
        -0.020330531522631645,
        0.026053475216031075,
        0.024812808260321617,
        -0.025586018338799477,
        -0.01802663691341877,
        -0.030015697702765465,
        0.09370768070220947,
        0.033283524215221405,
        -0.045552242547273636,
        0.041281938552856445,
        0.04133271053433418,
        0.013600203208625317,
        -0.0018892312655225396,
        0.018335068598389626,
        -0.030368667095899582,
        -0.02758990041911602,
        0.02288525179028511,
        0.016241293400526047,
        0.04849543049931526,
        -0.041238222271203995,
        0.007433355785906315,
        0.07218065857887268,
        -0.06090127304196358,
        0.03074704483151436,
        0.02548239752650261,
        -0.04997952654957771,
        0.08926767855882645,
        0.07085675001144409,
        0.0531083308160305,
        0.05451004207134247,
        0.034742895513772964,
        0.015677927061915398,
        0.005757499486207962,
        -0.06623881310224533,
        -0.05887582153081894,
        -0.061847228556871414,
        0.06996719539165497,
        0.02660069242119789,
        0.010183442384004593,
        0.030940404161810875,
        0.004657835699617863,
        0.008979951031506062,
        -0.04530638828873634,
        0.01304716058075428,
        0.02569102682173252,
        0.045652858912944794,
        0.024516459554433823,
        -0.025319259613752365,
        0.004229648504406214,
        -0.042519744485616684,
        -0.09393680840730667,
        -0.07940760999917984,
        0.0438002310693264,
        -0.05343383550643921,
        0.07272904366254807,
        -0.09298332780599594,
        0.040320269763469696,
        0.015928469598293304,
        -0.02164536900818348,
        0.007208495866507292,
        -0.03092626854777336,
        -0.022560402750968933,
        -0.0034438250586390495,
        -0.11302056908607483,
        0.005757680628448725,
        0.04289909079670906,
        -0.02002737671136856,
        0.08216968178749084,
        -0.036684051156044006,
        -0.016966285184025764,
        0.03101322054862976,
        -0.0800182968378067,
        -0.06962987780570984,
        0.06347423791885376,
        -0.025020811706781387,
        -0.0028529807459563017,
        -0.008043727837502956,
        0.022872475907206535,
        -0.028411291539669037,
        0.03894392028450966,
        0.0369655080139637,
        0.029145317152142525,
        -0.02982574701309204,
        -0.051822151988744736,
        -0.07652614265680313,
        -0.11113106459379196,
        0.07471147924661636,
        0.0872798040509224,
        0.02384902350604534,
        -0.08431955426931381,
        0.0823458880186081,
        -0.019706692546606064,
        -0.02704927884042263,
        0.057320162653923035,
        -0.05781586468219757,
        -0.0012352400226518512,
        -0.09472210705280304,
        -0.009095944464206696,
        -0.05151073634624481,
        -0.018795762211084366,
        0.010046282783150673,
        -0.01437538955360651,
        -0.06367272138595581,
        0.015326735563576221,
        0.004715456161648035,
        0.05326030030846596,
        0.03781073912978172,
        -0.001557046896778047,
        0.01580832526087761,
        0.012199715711176395,
        0.023419663310050964,
        -0.008513269014656544,
        -0.01586729846894741,
        -0.031016316264867783,
        0.03167920187115669,
        0.02388106845319271,
        0.0016099396161735058,
        -0.008756723254919052,
        0.04078359156847,
        0.0023586913011968136,
        0.062398511916399,
        0.051644906401634216,
        0.036085326224565506,
        0.028556514531373978,
        0.05478609725832939,
        -0.0031423866748809814,
        0.050412774085998535,
        -0.05673825368285179,
        -0.002373569179326296,
        -0.03788250312209129,
        -0.02043442241847515,
        -0.0170961394906044,
        0.04839923232793808,
        0.020944079384207726,
        0.06767864525318146,
        0.03736196458339691,
        0.002921112347394228,
        0.07777852565050125,
        -0.008067305199801922,
        0.013968775980174541,
        0.019295580685138702,
        -0.01640465296804905,
        -0.0464470200240612,
        0.02401844970881939,
        -0.03993701562285423,
        -0.04599064588546753,
        -0.03496751934289932,
        0.033416010439395905,
        0.06393026560544968,
        0.012059301137924194,
        0.03632882237434387,
        -0.013964887708425522,
        0.013854468241333961,
        -0.01174471341073513,
        -0.0006869257194921374,
        -0.012077691033482552,
        -0.005546463653445244,
        -0.02031700685620308,
        -0.017977559939026833,
        -0.03351883590221405,
        -0.07752247154712677,
        -0.011083784513175488,
        -0.03137311339378357,
        0.004600943997502327,
        0.044580742716789246,
        0.00988350436091423,
        0.05181267112493515,
        0.019150517880916595,
        -0.006784692872315645,
        -0.0022445835638791323,
        -0.058335624635219574,
        0.03149999678134918,
        -0.004890101496130228,
        0.04486759752035141,
        -0.05619285628199577,
        0.03588273003697395,
        -0.026840634644031525,
        0.03712598234415054,
        0.07893253862857819,
        0.02279323898255825,
        -0.026684343814849854,
        0.023511208593845367,
        -0.0460883229970932,
        0.027885891497135162,
        0.026445627212524414,
        0.04558481648564339,
        0.002503864234313369,
        -0.03152572736144066,
        -0.03094075806438923,
        -0.013374308124184608,
        0.0035294389817863703,
