{
    "user_id": 2,
    "embedding": [
        0.04692813381552696,
        -0.019536621868610382,
        0.010738076642155647,
        0.021059464663267136,
        0.003954509273171425,
        0.010081367567181587,
        -0.057886648923158646,
        0.013180986978113651,
        0.05106792971491814,
        -0.06413029134273529,
        0.07342682033777237,
        0.032077569514513016,
        0.023492539301514626,
        0.02003324031829834,
        -0.010992779396474361,
        -0.07255183160305023,
        -0.05395132675766945,
        -0.023547088727355003,
        -0.0548371821641922,
        -0.024618346244096756,
        -0.0895456001162529,
        0.016553277149796486,
        0.051176201552152634,
        -0.06966190040111542,
        -0.07267555594444275,
        0.014907164499163628,
        -0.014245306141674519,
        -0.03752247244119644,
        0.0058500999584794044,
        -0.030973294749855995,
        0.060393888503313065,
        0.0498516783118248,
        0.04355711117386818,
        0.021537192165851593,
        -0.04147884622216225,
        0.03827733173966408,
        0.0339178591966629,
        0.015638194978237152,
        -0.04217242822051048,
        0.038269806653261185,
        0.04522170126438141,
        -0.0014604396419599652,
        0.053150489926338196,
        0.01259426586329937,
        0.01435029599815607,
        -0.051993392407894135,
        -0.030587412416934967,
        0.06837981939315796,
        -0.13319405913352966,
        -0.11024817079305649,
        0.010970575734972954,
        0.036188188940286636,
        0.012636776082217693,
        0.03417676314711571,
        -0.05726385489106178,
        0.05128979682922363,
        -0.04338425397872925,
        0.013864760287106037,
        -0.007516367360949516,
        -0.013440320268273354,
        -0.0018615948501974344,
        0.05109381675720215,
        -0.06700821965932846,
        -0.023491816595196724,
        0.02551954798400402,
        0.05869806557893753,
        -0.00016785385378170758,
        -0.013149106875061989,
        0.018078848719596863,
        0.00545491324737668,
        0.08699540048837662,
        0.0049475422129035,
        0.0027112187817692757,
        -0.010886305011808872,
        0.02040397748351097,
        -0.08826515823602676,
        -0.014223064295947552,
        -0.008005518466234207,
        -0.0843285545706749,
        0.039858099073171616,
        0.053223900496959686,
        0.1082976758480072,
        -0.019717460498213768,
        0.0374600775539875,
        0.07255743443965912,
        0.033055927604436874,
        0.03662654384970665,
        0.015380349941551685,
        -0.03862985968589783,
        0.013566307723522186,
        0.0617232583463192,
        -0.020525671541690826,
        0.0686313658952713,
        -0.07424266636371613,
        -0.017257578670978546,
        0.026503879576921463,
        0.016963494941592216,
        0.06436476111412048,
        -0.011994569562375546,
        -0.008819716051220894,
        0.013033195398747921,
        0.04479241371154785,
        0.003218193771317601,
        0.021360259503126144,
        0.027642717584967613,
        0.06399331986904144,
        0.0536014549434185,
        0.00015744997654110193,
        -0.022019851952791214,
        -0.031097564846277237,
        0.11075323075056076,
        0.06862668693065643,
        -0.07923737913370132,
        0.006645618937909603,
        0.04745098948478699,
        0.06977829337120056,
        0.05660080164670944,
        -0.03180726245045662,
        0.027078086510300636,
        0.029186995700001717,
        -0.07045386731624603,
        0.04711923003196716,
        -0.054825086146593094,
        0.003879629774019122,
        -0.0635962188243866,
        -0.07464703172445297,
        0.004222692921757698,
        -0.04145336151123047,
        0.016586430370807648,
        -0.023100359365344048,
        -0.02135067619383335,
        0.014098006300628185,
        0.05706547573208809,
        0.028809232637286186,
        -0.07331670820713043,
        -0.005996919237077236,
        -0.03962426260113716,
        -0.11962732672691345,
        0.04287649691104889,
        0.02470516227185726,
        -0.023679252713918686,
        0.021078389137983322,
        -0.026621809229254723,
        0.08352865278720856,
        0.02266109734773636,
        -0.06187762692570686,
        -0.057120904326438904,
        0.04886684566736221,
        -0.009252340532839298,
        -0.04189088195562363,
        0.04814095050096512,
        -0.02609490416944027,
        -0.06886474043130875,
        0.037445068359375,
        0.06958935409784317,
        0.01947733946144581,
        0.01780160889029503,
        -0.01700054295361042,
        0.008600760251283646,
        -0.07019525021314621,
        0.10353155434131622,
        0.06276017427444458,
        0.021762313321232796,
        -0.07153649628162384,
        0.08287205547094345,
        0.02295558899641037,
        -0.06135785952210426,
        0.022516349330544472,
        -0.04606032744050026,
        0.07641061395406723,
        -0.0612177811563015,
        -0.0024050597567111254,
        -0.07975204288959503,
        -0.025194501504302025,
        0.04113689810037613,
        -0.0024005298037081957,
        0.034807197749614716,
        -0.030459687113761902,
        -0.04036666825413704,
        0.017804965376853943,
        0.04416244104504585,
        -0.0039823707193136215,
        -0.05682994797825813,
        -0.030046651139855385,
        0.05894768238067627,
        0.05544864013791084,
        -0.048016682267189026,
        0.03532617166638374,
        0.07405074685811996,
        0.062485143542289734,
        -0.004163745325058699,
        -0.044108644127845764,
        -0.0071526323445141315,
        -0.05710002779960632,
        0.0553261861205101,
        0.0140206478536129,
        0.07556580007076263,
        0.04249552637338638,
        0.043760333210229874,
        0.02516748756170273,
        0.04164820536971092,
        -0.08079766482114792,
        0.019622260704636574,
        -0.02498689293861389,
        -0.005452791228890419,
        0.03849126026034355,
        0.0004290448559913784,
        0.0032427776604890823,
        0.06872712820768356,
        0.10902264714241028,
        -0.030179141089320183,
        -0.007332645822316408,
        0.008935822173953056,
        0.009901400655508041,
        -0.009984366595745087,
        0.0013243892462924123,
        -0.025090578943490982,
        0.03547924384474754,
        -0.03735699504613876,
        -0.060305509716272354,
        -0.05481478571891785,
        -0.0887192040681839,
        0.008135409094393253,
        -0.04056919738650322,
        -0.0423763282597065,
        -0.010959469713270664,
        0.009753616526722908,
        0.022306915372610092,
        -0.01429965253919363,
        -0.0604921393096447,
        0.02843387797474861,
        0.029040977358818054,
        -0.0034711917396634817,
        -0.03292874991893768,
        -0.018547384068369865,
        -0.015736190602183342,
        -0.04104593023657799,
        0.009797160513699055,
        0.02449321188032627,
        -0.011340325698256493,
        0.05708218738436699,
        0.009373177774250507,
        0.026494868099689484,
        -0.007687216624617577,
        0.0010283057345077395,
        0.0179103072732687,
        0.02966381050646305,
        0.04104221612215042,
        -0.11766843497753143,
        0.032971035689115524,
        0.03760611638426781,
        0.022105950862169266,
        0.05163043737411499,
        -0.011481799185276031,
        0.06607599556446075,
        0.008141297847032547,
        0.010470854118466377,
        -0.03824298456311226,
        0.05218983814120293,
        0.03503456711769104,
        0.004917111247777939,
        -0.03289204463362694,
        -0.0017963432474061847,
        -0.07221398502588272,
        -0.025721237063407898,
        0.03774335980415344,
